,Movie Name,Year of Release,Watch Time,Movie Rating,Meatscore of movie,Votes,Gross
0,The Shawshank Redemption,(1994),142 min,"

9.3
",82        ,"2,725,194",$28.34M
1,The Godfather,(1972),175 min,"

9.2
",100        ,"1,894,443",$134.97M
2,Hababam Sinifi,(1975),87 min,"

9.2
",****,"41,538",%^%^%
3,DAMaN,(2022),121 min,"

9.1
",****,"13,162",%^%^%
4,The Dark Knight,(2008),152 min,"

9.0
",84        ,"2,698,044",$534.86M
5,Schindler's List,(1993),195 min,"

9.0
",95        ,"1,376,254",$96.90M
6,12 Angry Men,(1957),96 min,"

9.0
",97        ,"805,894",$4.36M
7,The Lord of the Rings: The Return of the King,(2003),201 min,"

9.0
",94        ,"1,874,787",$377.85M
8,The Godfather Part II,(1974),202 min,"

9.0
",90        ,"1,292,020",$57.30M
9,Aynabaji,(2016),147 min,"

9.0
",****,"27,425",%^%^%
10,Pulp Fiction,(1994),154 min,"

8.9
",95        ,"2,093,444",$107.93M
11,Kimetsu no Yaiba: Tsuzumi Yashiki Hen,(2021),87 min,"

8.9
",****,"17,265",%^%^%
12,Maratonci trce pocasni krug,(1982),92 min,"

8.9
",****,"16,297",%^%^%
13,Tosun Pasa,(1976),90 min,"

8.9
",****,"23,803",%^%^%
14,Hababam Sinifi Sinifta Kaldi,(1975),91 min,"

8.9
",****,"23,854",%^%^%
15,Fight Club,(1999),139 min,"

8.8
",66        ,"2,168,321",$37.03M
16,The Lord of the Rings: The Fellowship of the Ring,(2001),178 min,"

8.8
",92        ,"1,903,910",$315.54M
17,Inception,(2010),148 min,"

8.8
",74        ,"2,394,574",$292.58M
18,Forrest Gump,(1994),142 min,"

8.8
",82        ,"2,119,536",$330.25M
19,"Il buono, il brutto, il cattivo",(1966),161 min,"

8.8
",90        ,"772,610",$6.10M
20,The Lord of the Rings: The Two Towers,(2002),179 min,"

8.8
",87        ,"1,692,575",$342.55M
21,Jai Bhim,(2021),164 min,"

8.8
",****,"205,541",%^%^%
22,Kill Bill: The Whole Bloody Affair,(2006),247 min,"

8.8
",****,"13,657",%^%^%
23,777 Charlie,(2022),136 min,"

8.8
",****,"34,184",%^%^%
24,Kimetsu no Yaiba: Natagumo Yama Hen,(2020),138 min,"

8.8
",****,"12,947",%^%^%
25,Rocketry: The Nambi Effect,(2022),157 min,"

8.8
",****,"52,613",%^%^%
26,Ko to tamo peva,(1980),86 min,"

8.8
",****,"15,900",%^%^%
27,Balkanski spijun,(1984),95 min,"

8.8
",****,"11,873",%^%^%
28,#Home,(2021),158 min,"

8.8
",****,"13,915",%^%^%
29,Manichitrathazhu,(1993),169 min,"

8.8
",****,"11,302",%^%^%
30,Süt Kardesler,(1976),80 min,"

8.8
",****,"20,500",%^%^%
31,Hababam Sinifi Uyaniyor,(1977),94 min,"

8.8
",****,"20,158",%^%^%
32,The Matrix,(1999),136 min,"

8.7
",73        ,"1,944,100",$171.48M
33,GoodFellas,(1990),145 min,"

8.7
",91        ,"1,182,514",$46.84M
34,One Flew Over the Cuckoo's Nest,(1975),133 min,"

8.7
",84        ,"1,022,407",$112.00M
35,The Empire Strikes Back,(1980),124 min,"

8.7
",82        ,"1,311,930",$290.48M
36,The Kashmir Files,(2022),170 min,"

8.7
",****,"563,810",%^%^%
37,Soorarai Pottru,(2020),153 min,"

8.7
",****,"118,954",%^%^%
38,Toma,(2021),140 min,"

8.7
",****,"11,426",%^%^%
39,Pariyerum Perumal,(2018),154 min,"

8.7
",****,"16,663",%^%^%
40,Peranbu,(2018),147 min,"

8.7
",****,"15,285",%^%^%
41,Kibar Feyzo,(1978),83 min,"

8.7
",****,"16,692",%^%^%
42,Zügürt Aga,(1985),101 min,"

8.7
",****,"15,696",%^%^%
43,Saban Oglu Saban,(1977),90 min,"

8.7
",****,"18,098",%^%^%
44,Neseli Günler,(1978),95 min,"

8.7
",****,"11,493",%^%^%
45,Interstellar,(2014),169 min,"

8.6
",74        ,"1,887,121",$188.02M
46,Se7en,(1995),127 min,"

8.6
",65        ,"1,683,828",$100.13M
47,The Silence of the Lambs,(1991),118 min,"

8.6
",86        ,"1,457,143",$130.74M
48,The Green Mile,(1999),189 min,"

8.6
",61        ,"1,324,876",$136.80M
49,The Shawshank Redemption,(1994),142 min,"

9.3
",82        ,"2,725,194",$28.34M
50,The Godfather,(1972),175 min,"

9.2
",100        ,"1,894,443",$134.97M
51,Hababam Sinifi,(1975),87 min,"

9.2
",****,"41,538",%^%^%
52,DAMaN,(2022),121 min,"

9.1
",****,"13,162",%^%^%
53,The Dark Knight,(2008),152 min,"

9.0
",84        ,"2,698,044",$534.86M
54,Schindler's List,(1993),195 min,"

9.0
",95        ,"1,376,254",$96.90M
55,12 Angry Men,(1957),96 min,"

9.0
",97        ,"805,894",$4.36M
56,The Lord of the Rings: The Return of the King,(2003),201 min,"

9.0
",94        ,"1,874,787",$377.85M
57,The Godfather Part II,(1974),202 min,"

9.0
",90        ,"1,292,020",$57.30M
58,Aynabaji,(2016),147 min,"

9.0
",****,"27,425",%^%^%
59,Pulp Fiction,(1994),154 min,"

8.9
",95        ,"2,093,444",$107.93M
60,Kimetsu no Yaiba: Tsuzumi Yashiki Hen,(2021),87 min,"

8.9
",****,"17,265",%^%^%
61,Maratonci trce pocasni krug,(1982),92 min,"

8.9
",****,"16,297",%^%^%
62,Tosun Pasa,(1976),90 min,"

8.9
",****,"23,803",%^%^%
63,Hababam Sinifi Sinifta Kaldi,(1975),91 min,"

8.9
",****,"23,854",%^%^%
64,Fight Club,(1999),139 min,"

8.8
",66        ,"2,168,321",$37.03M
65,The Lord of the Rings: The Fellowship of the Ring,(2001),178 min,"

8.8
",92        ,"1,903,910",$315.54M
66,Inception,(2010),148 min,"

8.8
",74        ,"2,394,574",$292.58M
67,Forrest Gump,(1994),142 min,"

8.8
",82        ,"2,119,536",$330.25M
68,"Il buono, il brutto, il cattivo",(1966),161 min,"

8.8
",90        ,"772,610",$6.10M
69,The Lord of the Rings: The Two Towers,(2002),179 min,"

8.8
",87        ,"1,692,575",$342.55M
70,Jai Bhim,(2021),164 min,"

8.8
",****,"205,541",%^%^%
71,Kill Bill: The Whole Bloody Affair,(2006),247 min,"

8.8
",****,"13,657",%^%^%
72,777 Charlie,(2022),136 min,"

8.8
",****,"34,184",%^%^%
73,Kimetsu no Yaiba: Natagumo Yama Hen,(2020),138 min,"

8.8
",****,"12,947",%^%^%
74,Rocketry: The Nambi Effect,(2022),157 min,"

8.8
",****,"52,613",%^%^%
75,Ko to tamo peva,(1980),86 min,"

8.8
",****,"15,900",%^%^%
76,Balkanski spijun,(1984),95 min,"

8.8
",****,"11,873",%^%^%
77,#Home,(2021),158 min,"

8.8
",****,"13,915",%^%^%
78,Manichitrathazhu,(1993),169 min,"

8.8
",****,"11,302",%^%^%
79,Süt Kardesler,(1976),80 min,"

8.8
",****,"20,500",%^%^%
80,Hababam Sinifi Uyaniyor,(1977),94 min,"

8.8
",****,"20,158",%^%^%
81,The Matrix,(1999),136 min,"

8.7
",73        ,"1,944,100",$171.48M
82,GoodFellas,(1990),145 min,"

8.7
",91        ,"1,182,514",$46.84M
83,One Flew Over the Cuckoo's Nest,(1975),133 min,"

8.7
",84        ,"1,022,407",$112.00M
84,The Empire Strikes Back,(1980),124 min,"

8.7
",82        ,"1,311,930",$290.48M
85,The Kashmir Files,(2022),170 min,"

8.7
",****,"563,810",%^%^%
86,Soorarai Pottru,(2020),153 min,"

8.7
",****,"118,954",%^%^%
87,Toma,(2021),140 min,"

8.7
",****,"11,426",%^%^%
88,Pariyerum Perumal,(2018),154 min,"

8.7
",****,"16,663",%^%^%
89,Peranbu,(2018),147 min,"

8.7
",****,"15,285",%^%^%
90,Kibar Feyzo,(1978),83 min,"

8.7
",****,"16,692",%^%^%
91,Zügürt Aga,(1985),101 min,"

8.7
",****,"15,696",%^%^%
92,Saban Oglu Saban,(1977),90 min,"

8.7
",****,"18,098",%^%^%
93,Neseli Günler,(1978),95 min,"

8.7
",****,"11,493",%^%^%
94,Interstellar,(2014),169 min,"

8.6
",74        ,"1,887,121",$188.02M
95,Se7en,(1995),127 min,"

8.6
",65        ,"1,683,828",$100.13M
96,The Silence of the Lambs,(1991),118 min,"

8.6
",86        ,"1,457,143",$130.74M
97,The Green Mile,(1999),189 min,"

8.6
",61        ,"1,324,876",$136.80M
98,The Shawshank Redemption,(1994),142 min,"

9.3
",82        ,"2,725,194",$28.34M
99,The Godfather,(1972),175 min,"

9.2
",100        ,"1,894,443",$134.97M
100,Hababam Sinifi,(1975),87 min,"

9.2
",****,"41,538",%^%^%
101,DAMaN,(2022),121 min,"

9.1
",****,"13,162",%^%^%
102,The Dark Knight,(2008),152 min,"

9.0
",84        ,"2,698,044",$534.86M
103,Schindler's List,(1993),195 min,"

9.0
",95        ,"1,376,254",$96.90M
104,12 Angry Men,(1957),96 min,"

9.0
",97        ,"805,894",$4.36M
105,The Lord of the Rings: The Return of the King,(2003),201 min,"

9.0
",94        ,"1,874,787",$377.85M
106,The Godfather Part II,(1974),202 min,"

9.0
",90        ,"1,292,020",$57.30M
107,Aynabaji,(2016),147 min,"

9.0
",****,"27,425",%^%^%
108,Pulp Fiction,(1994),154 min,"

8.9
",95        ,"2,093,444",$107.93M
109,Kimetsu no Yaiba: Tsuzumi Yashiki Hen,(2021),87 min,"

8.9
",****,"17,265",%^%^%
110,Maratonci trce pocasni krug,(1982),92 min,"

8.9
",****,"16,297",%^%^%
111,Tosun Pasa,(1976),90 min,"

8.9
",****,"23,803",%^%^%
112,Hababam Sinifi Sinifta Kaldi,(1975),91 min,"

8.9
",****,"23,854",%^%^%
113,Fight Club,(1999),139 min,"

8.8
",66        ,"2,168,321",$37.03M
114,The Lord of the Rings: The Fellowship of the Ring,(2001),178 min,"

8.8
",92        ,"1,903,910",$315.54M
115,Inception,(2010),148 min,"

8.8
",74        ,"2,394,574",$292.58M
116,Forrest Gump,(1994),142 min,"

8.8
",82        ,"2,119,536",$330.25M
117,"Il buono, il brutto, il cattivo",(1966),161 min,"

8.8
",90        ,"772,610",$6.10M
118,The Lord of the Rings: The Two Towers,(2002),179 min,"

8.8
",87        ,"1,692,575",$342.55M
119,Jai Bhim,(2021),164 min,"

8.8
",****,"205,541",%^%^%
120,Kill Bill: The Whole Bloody Affair,(2006),247 min,"

8.8
",****,"13,657",%^%^%
121,777 Charlie,(2022),136 min,"

8.8
",****,"34,184",%^%^%
122,Kimetsu no Yaiba: Natagumo Yama Hen,(2020),138 min,"

8.8
",****,"12,947",%^%^%
123,Rocketry: The Nambi Effect,(2022),157 min,"

8.8
",****,"52,613",%^%^%
124,Ko to tamo peva,(1980),86 min,"

8.8
",****,"15,900",%^%^%
125,Balkanski spijun,(1984),95 min,"

8.8
",****,"11,873",%^%^%
126,#Home,(2021),158 min,"

8.8
",****,"13,915",%^%^%
127,Manichitrathazhu,(1993),169 min,"

8.8
",****,"11,302",%^%^%
128,Süt Kardesler,(1976),80 min,"

8.8
",****,"20,500",%^%^%
129,Hababam Sinifi Uyaniyor,(1977),94 min,"

8.8
",****,"20,158",%^%^%
130,The Matrix,(1999),136 min,"

8.7
",73        ,"1,944,100",$171.48M
131,GoodFellas,(1990),145 min,"

8.7
",91        ,"1,182,514",$46.84M
132,One Flew Over the Cuckoo's Nest,(1975),133 min,"

8.7
",84        ,"1,022,407",$112.00M
133,The Empire Strikes Back,(1980),124 min,"

8.7
",82        ,"1,311,930",$290.48M
134,The Kashmir Files,(2022),170 min,"

8.7
",****,"563,810",%^%^%
135,Soorarai Pottru,(2020),153 min,"

8.7
",****,"118,954",%^%^%
136,Toma,(2021),140 min,"

8.7
",****,"11,426",%^%^%
137,Pariyerum Perumal,(2018),154 min,"

8.7
",****,"16,663",%^%^%
138,Peranbu,(2018),147 min,"

8.7
",****,"15,285",%^%^%
139,Kibar Feyzo,(1978),83 min,"

8.7
",****,"16,692",%^%^%
140,Zügürt Aga,(1985),101 min,"

8.7
",****,"15,696",%^%^%
141,Saban Oglu Saban,(1977),90 min,"

8.7
",****,"18,098",%^%^%
142,Neseli Günler,(1978),95 min,"

8.7
",****,"11,493",%^%^%
143,Interstellar,(2014),169 min,"

8.6
",74        ,"1,887,121",$188.02M
144,Se7en,(1995),127 min,"

8.6
",65        ,"1,683,828",$100.13M
145,The Silence of the Lambs,(1991),118 min,"

8.6
",86        ,"1,457,143",$130.74M
146,The Green Mile,(1999),189 min,"

8.6
",61        ,"1,324,876",$136.80M
147,The Shawshank Redemption,(1994),142 min,"

9.3
",82        ,"2,725,194",$28.34M
148,The Godfather,(1972),175 min,"

9.2
",100        ,"1,894,443",$134.97M
149,Hababam Sinifi,(1975),87 min,"

9.2
",****,"41,538",%^%^%
150,DAMaN,(2022),121 min,"

9.1
",****,"13,162",%^%^%
151,The Dark Knight,(2008),152 min,"

9.0
",84        ,"2,698,044",$534.86M
152,Schindler's List,(1993),195 min,"

9.0
",95        ,"1,376,254",$96.90M
153,12 Angry Men,(1957),96 min,"

9.0
",97        ,"805,894",$4.36M
154,The Lord of the Rings: The Return of the King,(2003),201 min,"

9.0
",94        ,"1,874,787",$377.85M
155,The Godfather Part II,(1974),202 min,"

9.0
",90        ,"1,292,020",$57.30M
156,Aynabaji,(2016),147 min,"

9.0
",****,"27,425",%^%^%
157,Pulp Fiction,(1994),154 min,"

8.9
",95        ,"2,093,444",$107.93M
158,Kimetsu no Yaiba: Tsuzumi Yashiki Hen,(2021),87 min,"

8.9
",****,"17,265",%^%^%
159,Maratonci trce pocasni krug,(1982),92 min,"

8.9
",****,"16,297",%^%^%
160,Tosun Pasa,(1976),90 min,"

8.9
",****,"23,803",%^%^%
161,Hababam Sinifi Sinifta Kaldi,(1975),91 min,"

8.9
",****,"23,854",%^%^%
162,Fight Club,(1999),139 min,"

8.8
",66        ,"2,168,321",$37.03M
163,The Lord of the Rings: The Fellowship of the Ring,(2001),178 min,"

8.8
",92        ,"1,903,910",$315.54M
164,Inception,(2010),148 min,"

8.8
",74        ,"2,394,574",$292.58M
165,Forrest Gump,(1994),142 min,"

8.8
",82        ,"2,119,536",$330.25M
166,"Il buono, il brutto, il cattivo",(1966),161 min,"

8.8
",90        ,"772,610",$6.10M
167,The Lord of the Rings: The Two Towers,(2002),179 min,"

8.8
",87        ,"1,692,575",$342.55M
168,Jai Bhim,(2021),164 min,"

8.8
",****,"205,541",%^%^%
169,Kill Bill: The Whole Bloody Affair,(2006),247 min,"

8.8
",****,"13,657",%^%^%
170,777 Charlie,(2022),136 min,"

8.8
",****,"34,184",%^%^%
171,Kimetsu no Yaiba: Natagumo Yama Hen,(2020),138 min,"

8.8
",****,"12,947",%^%^%
172,Rocketry: The Nambi Effect,(2022),157 min,"

8.8
",****,"52,613",%^%^%
173,Ko to tamo peva,(1980),86 min,"

8.8
",****,"15,900",%^%^%
174,Balkanski spijun,(1984),95 min,"

8.8
",****,"11,873",%^%^%
175,#Home,(2021),158 min,"

8.8
",****,"13,915",%^%^%
176,Manichitrathazhu,(1993),169 min,"

8.8
",****,"11,302",%^%^%
177,Süt Kardesler,(1976),80 min,"

8.8
",****,"20,500",%^%^%
178,Hababam Sinifi Uyaniyor,(1977),94 min,"

8.8
",****,"20,158",%^%^%
179,The Matrix,(1999),136 min,"

8.7
",73        ,"1,944,100",$171.48M
180,GoodFellas,(1990),145 min,"

8.7
",91        ,"1,182,514",$46.84M
181,One Flew Over the Cuckoo's Nest,(1975),133 min,"

8.7
",84        ,"1,022,407",$112.00M
182,The Empire Strikes Back,(1980),124 min,"

8.7
",82        ,"1,311,930",$290.48M
183,The Kashmir Files,(2022),170 min,"

8.7
",****,"563,810",%^%^%
184,Soorarai Pottru,(2020),153 min,"

8.7
",****,"118,954",%^%^%
185,Toma,(2021),140 min,"

8.7
",****,"11,426",%^%^%
186,Pariyerum Perumal,(2018),154 min,"

8.7
",****,"16,663",%^%^%
187,Peranbu,(2018),147 min,"

8.7
",****,"15,285",%^%^%
188,Kibar Feyzo,(1978),83 min,"

8.7
",****,"16,692",%^%^%
189,Zügürt Aga,(1985),101 min,"

8.7
",****,"15,696",%^%^%
190,Saban Oglu Saban,(1977),90 min,"

8.7
",****,"18,098",%^%^%
191,Neseli Günler,(1978),95 min,"

8.7
",****,"11,493",%^%^%
192,Interstellar,(2014),169 min,"

8.6
",74        ,"1,887,121",$188.02M
193,Se7en,(1995),127 min,"

8.6
",65        ,"1,683,828",$100.13M
194,The Silence of the Lambs,(1991),118 min,"

8.6
",86        ,"1,457,143",$130.74M
195,The Green Mile,(1999),189 min,"

8.6
",61        ,"1,324,876",$136.80M
196,The Shawshank Redemption,(1994),142 min,"

9.3
",82        ,"2,725,194",$28.34M
197,The Godfather,(1972),175 min,"

9.2
",100        ,"1,894,443",$134.97M
198,Hababam Sinifi,(1975),87 min,"

9.2
",****,"41,538",%^%^%
199,DAMaN,(2022),121 min,"

9.1
",****,"13,162",%^%^%
200,The Dark Knight,(2008),152 min,"

9.0
",84        ,"2,698,044",$534.86M
201,Schindler's List,(1993),195 min,"

9.0
",95        ,"1,376,254",$96.90M
202,12 Angry Men,(1957),96 min,"

9.0
",97        ,"805,894",$4.36M
203,The Lord of the Rings: The Return of the King,(2003),201 min,"

9.0
",94        ,"1,874,787",$377.85M
204,The Godfather Part II,(1974),202 min,"

9.0
",90        ,"1,292,020",$57.30M
205,Aynabaji,(2016),147 min,"

9.0
",****,"27,425",%^%^%
206,Pulp Fiction,(1994),154 min,"

8.9
",95        ,"2,093,444",$107.93M
207,Kimetsu no Yaiba: Tsuzumi Yashiki Hen,(2021),87 min,"

8.9
",****,"17,265",%^%^%
208,Maratonci trce pocasni krug,(1982),92 min,"

8.9
",****,"16,297",%^%^%
209,Tosun Pasa,(1976),90 min,"

8.9
",****,"23,803",%^%^%
210,Hababam Sinifi Sinifta Kaldi,(1975),91 min,"

8.9
",****,"23,854",%^%^%
211,Fight Club,(1999),139 min,"

8.8
",66        ,"2,168,321",$37.03M
212,The Lord of the Rings: The Fellowship of the Ring,(2001),178 min,"

8.8
",92        ,"1,903,910",$315.54M
213,Inception,(2010),148 min,"

8.8
",74        ,"2,394,574",$292.58M
214,Forrest Gump,(1994),142 min,"

8.8
",82        ,"2,119,536",$330.25M
215,"Il buono, il brutto, il cattivo",(1966),161 min,"

8.8
",90        ,"772,610",$6.10M
216,The Lord of the Rings: The Two Towers,(2002),179 min,"

8.8
",87        ,"1,692,575",$342.55M
217,Jai Bhim,(2021),164 min,"

8.8
",****,"205,541",%^%^%
218,Kill Bill: The Whole Bloody Affair,(2006),247 min,"

8.8
",****,"13,657",%^%^%
219,777 Charlie,(2022),136 min,"

8.8
",****,"34,184",%^%^%
220,Kimetsu no Yaiba: Natagumo Yama Hen,(2020),138 min,"

8.8
",****,"12,947",%^%^%
221,Rocketry: The Nambi Effect,(2022),157 min,"

8.8
",****,"52,613",%^%^%
222,Ko to tamo peva,(1980),86 min,"

8.8
",****,"15,900",%^%^%
223,Balkanski spijun,(1984),95 min,"

8.8
",****,"11,873",%^%^%
224,#Home,(2021),158 min,"

8.8
",****,"13,915",%^%^%
225,Manichitrathazhu,(1993),169 min,"

8.8
",****,"11,302",%^%^%
226,Süt Kardesler,(1976),80 min,"

8.8
",****,"20,500",%^%^%
227,Hababam Sinifi Uyaniyor,(1977),94 min,"

8.8
",****,"20,158",%^%^%
228,The Matrix,(1999),136 min,"

8.7
",73        ,"1,944,100",$171.48M
229,GoodFellas,(1990),145 min,"

8.7
",91        ,"1,182,514",$46.84M
230,One Flew Over the Cuckoo's Nest,(1975),133 min,"

8.7
",84        ,"1,022,407",$112.00M
231,The Empire Strikes Back,(1980),124 min,"

8.7
",82        ,"1,311,930",$290.48M
232,The Kashmir Files,(2022),170 min,"

8.7
",****,"563,810",%^%^%
233,Soorarai Pottru,(2020),153 min,"

8.7
",****,"118,954",%^%^%
234,Toma,(2021),140 min,"

8.7
",****,"11,426",%^%^%
235,Pariyerum Perumal,(2018),154 min,"

8.7
",****,"16,663",%^%^%
236,Peranbu,(2018),147 min,"

8.7
",****,"15,285",%^%^%
237,Kibar Feyzo,(1978),83 min,"

8.7
",****,"16,692",%^%^%
238,Zügürt Aga,(1985),101 min,"

8.7
",****,"15,696",%^%^%
239,Saban Oglu Saban,(1977),90 min,"

8.7
",****,"18,098",%^%^%
240,Neseli Günler,(1978),95 min,"

8.7
",****,"11,493",%^%^%
241,Interstellar,(2014),169 min,"

8.6
",74        ,"1,887,121",$188.02M
242,Se7en,(1995),127 min,"

8.6
",65        ,"1,683,828",$100.13M
243,The Silence of the Lambs,(1991),118 min,"

8.6
",86        ,"1,457,143",$130.74M
244,The Green Mile,(1999),189 min,"

8.6
",61        ,"1,324,876",$136.80M
245,The Shawshank Redemption,(1994),142 min,"

9.3
",82        ,"2,725,194",$28.34M
246,The Godfather,(1972),175 min,"

9.2
",100        ,"1,894,443",$134.97M
247,Hababam Sinifi,(1975),87 min,"

9.2
",****,"41,538",%^%^%
248,DAMaN,(2022),121 min,"

9.1
",****,"13,162",%^%^%
249,The Dark Knight,(2008),152 min,"

9.0
",84        ,"2,698,044",$534.86M
250,Schindler's List,(1993),195 min,"

9.0
",95        ,"1,376,254",$96.90M
251,12 Angry Men,(1957),96 min,"

9.0
",97        ,"805,894",$4.36M
252,The Lord of the Rings: The Return of the King,(2003),201 min,"

9.0
",94        ,"1,874,787",$377.85M
253,The Godfather Part II,(1974),202 min,"

9.0
",90        ,"1,292,020",$57.30M
254,Aynabaji,(2016),147 min,"

9.0
",****,"27,425",%^%^%
255,Pulp Fiction,(1994),154 min,"

8.9
",95        ,"2,093,444",$107.93M
256,Kimetsu no Yaiba: Tsuzumi Yashiki Hen,(2021),87 min,"

8.9
",****,"17,265",%^%^%
257,Maratonci trce pocasni krug,(1982),92 min,"

8.9
",****,"16,297",%^%^%
258,Tosun Pasa,(1976),90 min,"

8.9
",****,"23,803",%^%^%
259,Hababam Sinifi Sinifta Kaldi,(1975),91 min,"

8.9
",****,"23,854",%^%^%
260,Fight Club,(1999),139 min,"

8.8
",66        ,"2,168,321",$37.03M
261,The Lord of the Rings: The Fellowship of the Ring,(2001),178 min,"

8.8
",92        ,"1,903,910",$315.54M
262,Inception,(2010),148 min,"

8.8
",74        ,"2,394,574",$292.58M
263,Forrest Gump,(1994),142 min,"

8.8
",82        ,"2,119,536",$330.25M
264,"Il buono, il brutto, il cattivo",(1966),161 min,"

8.8
",90        ,"772,610",$6.10M
265,The Lord of the Rings: The Two Towers,(2002),179 min,"

8.8
",87        ,"1,692,575",$342.55M
266,Jai Bhim,(2021),164 min,"

8.8
",****,"205,541",%^%^%
267,Kill Bill: The Whole Bloody Affair,(2006),247 min,"

8.8
",****,"13,657",%^%^%
268,777 Charlie,(2022),136 min,"

8.8
",****,"34,184",%^%^%
269,Kimetsu no Yaiba: Natagumo Yama Hen,(2020),138 min,"

8.8
",****,"12,947",%^%^%
270,Rocketry: The Nambi Effect,(2022),157 min,"

8.8
",****,"52,613",%^%^%
271,Ko to tamo peva,(1980),86 min,"

8.8
",****,"15,900",%^%^%
272,Balkanski spijun,(1984),95 min,"

8.8
",****,"11,873",%^%^%
273,#Home,(2021),158 min,"

8.8
",****,"13,915",%^%^%
274,Manichitrathazhu,(1993),169 min,"

8.8
",****,"11,302",%^%^%
275,Süt Kardesler,(1976),80 min,"

8.8
",****,"20,500",%^%^%
276,Hababam Sinifi Uyaniyor,(1977),94 min,"

8.8
",****,"20,158",%^%^%
277,The Matrix,(1999),136 min,"

8.7
",73        ,"1,944,100",$171.48M
278,GoodFellas,(1990),145 min,"

8.7
",91        ,"1,182,514",$46.84M
279,One Flew Over the Cuckoo's Nest,(1975),133 min,"

8.7
",84        ,"1,022,407",$112.00M
280,The Empire Strikes Back,(1980),124 min,"

8.7
",82        ,"1,311,930",$290.48M
281,The Kashmir Files,(2022),170 min,"

8.7
",****,"563,810",%^%^%
282,Soorarai Pottru,(2020),153 min,"

8.7
",****,"118,954",%^%^%
283,Toma,(2021),140 min,"

8.7
",****,"11,426",%^%^%
284,Pariyerum Perumal,(2018),154 min,"

8.7
",****,"16,663",%^%^%
285,Peranbu,(2018),147 min,"

8.7
",****,"15,285",%^%^%
286,Kibar Feyzo,(1978),83 min,"

8.7
",****,"16,692",%^%^%
287,Zügürt Aga,(1985),101 min,"

8.7
",****,"15,696",%^%^%
288,Saban Oglu Saban,(1977),90 min,"

8.7
",****,"18,098",%^%^%
289,Neseli Günler,(1978),95 min,"

8.7
",****,"11,493",%^%^%
290,Interstellar,(2014),169 min,"

8.6
",74        ,"1,887,121",$188.02M
291,Se7en,(1995),127 min,"

8.6
",65        ,"1,683,828",$100.13M
292,The Silence of the Lambs,(1991),118 min,"

8.6
",86        ,"1,457,143",$130.74M
293,The Green Mile,(1999),189 min,"

8.6
",61        ,"1,324,876",$136.80M
294,The Shawshank Redemption,(1994),142 min,"

9.3
",82        ,"2,725,194",$28.34M
295,The Godfather,(1972),175 min,"

9.2
",100        ,"1,894,443",$134.97M
296,Hababam Sinifi,(1975),87 min,"

9.2
",****,"41,538",%^%^%
297,DAMaN,(2022),121 min,"

9.1
",****,"13,162",%^%^%
298,The Dark Knight,(2008),152 min,"

9.0
",84        ,"2,698,044",$534.86M
299,Schindler's List,(1993),195 min,"

9.0
",95        ,"1,376,254",$96.90M
300,12 Angry Men,(1957),96 min,"

9.0
",97        ,"805,894",$4.36M
301,The Lord of the Rings: The Return of the King,(2003),201 min,"

9.0
",94        ,"1,874,787",$377.85M
302,The Godfather Part II,(1974),202 min,"

9.0
",90        ,"1,292,020",$57.30M
303,Aynabaji,(2016),147 min,"

9.0
",****,"27,425",%^%^%
304,Pulp Fiction,(1994),154 min,"

8.9
",95        ,"2,093,444",$107.93M
305,Kimetsu no Yaiba: Tsuzumi Yashiki Hen,(2021),87 min,"

8.9
",****,"17,265",%^%^%
306,Maratonci trce pocasni krug,(1982),92 min,"

8.9
",****,"16,297",%^%^%
307,Tosun Pasa,(1976),90 min,"

8.9
",****,"23,803",%^%^%
308,Hababam Sinifi Sinifta Kaldi,(1975),91 min,"

8.9
",****,"23,854",%^%^%
309,Fight Club,(1999),139 min,"

8.8
",66        ,"2,168,321",$37.03M
310,The Lord of the Rings: The Fellowship of the Ring,(2001),178 min,"

8.8
",92        ,"1,903,910",$315.54M
311,Inception,(2010),148 min,"

8.8
",74        ,"2,394,574",$292.58M
312,Forrest Gump,(1994),142 min,"

8.8
",82        ,"2,119,536",$330.25M
313,"Il buono, il brutto, il cattivo",(1966),161 min,"

8.8
",90        ,"772,610",$6.10M
314,The Lord of the Rings: The Two Towers,(2002),179 min,"

8.8
",87        ,"1,692,575",$342.55M
315,Jai Bhim,(2021),164 min,"

8.8
",****,"205,541",%^%^%
316,Kill Bill: The Whole Bloody Affair,(2006),247 min,"

8.8
",****,"13,657",%^%^%
317,777 Charlie,(2022),136 min,"

8.8
",****,"34,184",%^%^%
318,Kimetsu no Yaiba: Natagumo Yama Hen,(2020),138 min,"

8.8
",****,"12,947",%^%^%
319,Rocketry: The Nambi Effect,(2022),157 min,"

8.8
",****,"52,613",%^%^%
320,Ko to tamo peva,(1980),86 min,"

8.8
",****,"15,900",%^%^%
321,Balkanski spijun,(1984),95 min,"

8.8
",****,"11,873",%^%^%
322,#Home,(2021),158 min,"

8.8
",****,"13,915",%^%^%
323,Manichitrathazhu,(1993),169 min,"

8.8
",****,"11,302",%^%^%
324,Süt Kardesler,(1976),80 min,"

8.8
",****,"20,500",%^%^%
325,Hababam Sinifi Uyaniyor,(1977),94 min,"

8.8
",****,"20,158",%^%^%
326,The Matrix,(1999),136 min,"

8.7
",73        ,"1,944,100",$171.48M
327,GoodFellas,(1990),145 min,"

8.7
",91        ,"1,182,514",$46.84M
328,One Flew Over the Cuckoo's Nest,(1975),133 min,"

8.7
",84        ,"1,022,407",$112.00M
329,The Empire Strikes Back,(1980),124 min,"

8.7
",82        ,"1,311,930",$290.48M
330,The Kashmir Files,(2022),170 min,"

8.7
",****,"563,810",%^%^%
331,Soorarai Pottru,(2020),153 min,"

8.7
",****,"118,954",%^%^%
332,Toma,(2021),140 min,"

8.7
",****,"11,426",%^%^%
333,Pariyerum Perumal,(2018),154 min,"

8.7
",****,"16,663",%^%^%
334,Peranbu,(2018),147 min,"

8.7
",****,"15,285",%^%^%
335,Kibar Feyzo,(1978),83 min,"

8.7
",****,"16,692",%^%^%
336,Zügürt Aga,(1985),101 min,"

8.7
",****,"15,696",%^%^%
337,Saban Oglu Saban,(1977),90 min,"

8.7
",****,"18,098",%^%^%
338,Neseli Günler,(1978),95 min,"

8.7
",****,"11,493",%^%^%
339,Interstellar,(2014),169 min,"

8.6
",74        ,"1,887,121",$188.02M
340,Se7en,(1995),127 min,"

8.6
",65        ,"1,683,828",$100.13M
341,The Silence of the Lambs,(1991),118 min,"

8.6
",86        ,"1,457,143",$130.74M
342,The Green Mile,(1999),189 min,"

8.6
",61        ,"1,324,876",$136.80M
343,The Shawshank Redemption,(1994),142 min,"

9.3
",82        ,"2,725,194",$28.34M
344,The Godfather,(1972),175 min,"

9.2
",100        ,"1,894,443",$134.97M
345,Hababam Sinifi,(1975),87 min,"

9.2
",****,"41,538",%^%^%
346,DAMaN,(2022),121 min,"

9.1
",****,"13,162",%^%^%
347,The Dark Knight,(2008),152 min,"

9.0
",84        ,"2,698,044",$534.86M
348,Schindler's List,(1993),195 min,"

9.0
",95        ,"1,376,254",$96.90M
349,12 Angry Men,(1957),96 min,"

9.0
",97        ,"805,894",$4.36M
350,The Lord of the Rings: The Return of the King,(2003),201 min,"

9.0
",94        ,"1,874,787",$377.85M
351,The Godfather Part II,(1974),202 min,"

9.0
",90        ,"1,292,020",$57.30M
352,Aynabaji,(2016),147 min,"

9.0
",****,"27,425",%^%^%
353,Pulp Fiction,(1994),154 min,"

8.9
",95        ,"2,093,444",$107.93M
354,Kimetsu no Yaiba: Tsuzumi Yashiki Hen,(2021),87 min,"

8.9
",****,"17,265",%^%^%
355,Maratonci trce pocasni krug,(1982),92 min,"

8.9
",****,"16,297",%^%^%
356,Tosun Pasa,(1976),90 min,"

8.9
",****,"23,803",%^%^%
357,Hababam Sinifi Sinifta Kaldi,(1975),91 min,"

8.9
",****,"23,854",%^%^%
358,Fight Club,(1999),139 min,"

8.8
",66        ,"2,168,321",$37.03M
359,The Lord of the Rings: The Fellowship of the Ring,(2001),178 min,"

8.8
",92        ,"1,903,910",$315.54M
360,Inception,(2010),148 min,"

8.8
",74        ,"2,394,574",$292.58M
361,Forrest Gump,(1994),142 min,"

8.8
",82        ,"2,119,536",$330.25M
362,"Il buono, il brutto, il cattivo",(1966),161 min,"

8.8
",90        ,"772,610",$6.10M
363,The Lord of the Rings: The Two Towers,(2002),179 min,"

8.8
",87        ,"1,692,575",$342.55M
364,Jai Bhim,(2021),164 min,"

8.8
",****,"205,541",%^%^%
365,Kill Bill: The Whole Bloody Affair,(2006),247 min,"

8.8
",****,"13,657",%^%^%
366,777 Charlie,(2022),136 min,"

8.8
",****,"34,184",%^%^%
367,Kimetsu no Yaiba: Natagumo Yama Hen,(2020),138 min,"

8.8
",****,"12,947",%^%^%
368,Rocketry: The Nambi Effect,(2022),157 min,"

8.8
",****,"52,613",%^%^%
369,Ko to tamo peva,(1980),86 min,"

8.8
",****,"15,900",%^%^%
370,Balkanski spijun,(1984),95 min,"

8.8
",****,"11,873",%^%^%
371,#Home,(2021),158 min,"

8.8
",****,"13,915",%^%^%
372,Manichitrathazhu,(1993),169 min,"

8.8
",****,"11,302",%^%^%
373,Süt Kardesler,(1976),80 min,"

8.8
",****,"20,500",%^%^%
374,Hababam Sinifi Uyaniyor,(1977),94 min,"

8.8
",****,"20,158",%^%^%
375,The Matrix,(1999),136 min,"

8.7
",73        ,"1,944,100",$171.48M
376,GoodFellas,(1990),145 min,"

8.7
",91        ,"1,182,514",$46.84M
377,One Flew Over the Cuckoo's Nest,(1975),133 min,"

8.7
",84        ,"1,022,407",$112.00M
378,The Empire Strikes Back,(1980),124 min,"

8.7
",82        ,"1,311,930",$290.48M
379,The Kashmir Files,(2022),170 min,"

8.7
",****,"563,810",%^%^%
380,Soorarai Pottru,(2020),153 min,"

8.7
",****,"118,954",%^%^%
381,Toma,(2021),140 min,"

8.7
",****,"11,426",%^%^%
382,Pariyerum Perumal,(2018),154 min,"

8.7
",****,"16,663",%^%^%
383,Peranbu,(2018),147 min,"

8.7
",****,"15,285",%^%^%
384,Kibar Feyzo,(1978),83 min,"

8.7
",****,"16,692",%^%^%
385,Zügürt Aga,(1985),101 min,"

8.7
",****,"15,696",%^%^%
386,Saban Oglu Saban,(1977),90 min,"

8.7
",****,"18,098",%^%^%
387,Neseli Günler,(1978),95 min,"

8.7
",****,"11,493",%^%^%
388,Interstellar,(2014),169 min,"

8.6
",74        ,"1,887,121",$188.02M
389,Se7en,(1995),127 min,"

8.6
",65        ,"1,683,828",$100.13M
390,The Silence of the Lambs,(1991),118 min,"

8.6
",86        ,"1,457,143",$130.74M
391,The Green Mile,(1999),189 min,"

8.6
",61        ,"1,324,876",$136.80M
392,The Shawshank Redemption,(1994),142 min,"

9.3
",82        ,"2,725,194",$28.34M
393,The Godfather,(1972),175 min,"

9.2
",100        ,"1,894,443",$134.97M
394,Hababam Sinifi,(1975),87 min,"

9.2
",****,"41,538",%^%^%
395,DAMaN,(2022),121 min,"

9.1
",****,"13,162",%^%^%
396,The Dark Knight,(2008),152 min,"

9.0
",84        ,"2,698,044",$534.86M
397,Schindler's List,(1993),195 min,"

9.0
",95        ,"1,376,254",$96.90M
398,12 Angry Men,(1957),96 min,"

9.0
",97        ,"805,894",$4.36M
399,The Lord of the Rings: The Return of the King,(2003),201 min,"

9.0
",94        ,"1,874,787",$377.85M
400,The Godfather Part II,(1974),202 min,"

9.0
",90        ,"1,292,020",$57.30M
401,Aynabaji,(2016),147 min,"

9.0
",****,"27,425",%^%^%
402,Pulp Fiction,(1994),154 min,"

8.9
",95        ,"2,093,444",$107.93M
403,Kimetsu no Yaiba: Tsuzumi Yashiki Hen,(2021),87 min,"

8.9
",****,"17,265",%^%^%
404,Maratonci trce pocasni krug,(1982),92 min,"

8.9
",****,"16,297",%^%^%
405,Tosun Pasa,(1976),90 min,"

8.9
",****,"23,803",%^%^%
406,Hababam Sinifi Sinifta Kaldi,(1975),91 min,"

8.9
",****,"23,854",%^%^%
407,Fight Club,(1999),139 min,"

8.8
",66        ,"2,168,321",$37.03M
408,The Lord of the Rings: The Fellowship of the Ring,(2001),178 min,"

8.8
",92        ,"1,903,910",$315.54M
409,Inception,(2010),148 min,"

8.8
",74        ,"2,394,574",$292.58M
410,Forrest Gump,(1994),142 min,"

8.8
",82        ,"2,119,536",$330.25M
411,"Il buono, il brutto, il cattivo",(1966),161 min,"

8.8
",90        ,"772,610",$6.10M
412,The Lord of the Rings: The Two Towers,(2002),179 min,"

8.8
",87        ,"1,692,575",$342.55M
413,Jai Bhim,(2021),164 min,"

8.8
",****,"205,541",%^%^%
414,Kill Bill: The Whole Bloody Affair,(2006),247 min,"

8.8
",****,"13,657",%^%^%
415,777 Charlie,(2022),136 min,"

8.8
",****,"34,184",%^%^%
416,Kimetsu no Yaiba: Natagumo Yama Hen,(2020),138 min,"

8.8
",****,"12,947",%^%^%
417,Rocketry: The Nambi Effect,(2022),157 min,"

8.8
",****,"52,613",%^%^%
418,Ko to tamo peva,(1980),86 min,"

8.8
",****,"15,900",%^%^%
419,Balkanski spijun,(1984),95 min,"

8.8
",****,"11,873",%^%^%
420,#Home,(2021),158 min,"

8.8
",****,"13,915",%^%^%
421,Manichitrathazhu,(1993),169 min,"

8.8
",****,"11,302",%^%^%
422,Süt Kardesler,(1976),80 min,"

8.8
",****,"20,500",%^%^%
423,Hababam Sinifi Uyaniyor,(1977),94 min,"

8.8
",****,"20,158",%^%^%
424,The Matrix,(1999),136 min,"

8.7
",73        ,"1,944,100",$171.48M
425,GoodFellas,(1990),145 min,"

8.7
",91        ,"1,182,514",$46.84M
426,One Flew Over the Cuckoo's Nest,(1975),133 min,"

8.7
",84        ,"1,022,407",$112.00M
427,The Empire Strikes Back,(1980),124 min,"

8.7
",82        ,"1,311,930",$290.48M
428,The Kashmir Files,(2022),170 min,"

8.7
",****,"563,810",%^%^%
429,Soorarai Pottru,(2020),153 min,"

8.7
",****,"118,954",%^%^%
430,Toma,(2021),140 min,"

8.7
",****,"11,426",%^%^%
431,Pariyerum Perumal,(2018),154 min,"

8.7
",****,"16,663",%^%^%
432,Peranbu,(2018),147 min,"

8.7
",****,"15,285",%^%^%
433,Kibar Feyzo,(1978),83 min,"

8.7
",****,"16,692",%^%^%
434,Zügürt Aga,(1985),101 min,"

8.7
",****,"15,696",%^%^%
435,Saban Oglu Saban,(1977),90 min,"

8.7
",****,"18,098",%^%^%
436,Neseli Günler,(1978),95 min,"

8.7
",****,"11,493",%^%^%
437,Interstellar,(2014),169 min,"

8.6
",74        ,"1,887,121",$188.02M
438,Se7en,(1995),127 min,"

8.6
",65        ,"1,683,828",$100.13M
439,The Silence of the Lambs,(1991),118 min,"

8.6
",86        ,"1,457,143",$130.74M
440,The Green Mile,(1999),189 min,"

8.6
",61        ,"1,324,876",$136.80M
441,The Shawshank Redemption,(1994),142 min,"

9.3
",82        ,"2,725,194",$28.34M
442,The Godfather,(1972),175 min,"

9.2
",100        ,"1,894,443",$134.97M
443,Hababam Sinifi,(1975),87 min,"

9.2
",****,"41,538",%^%^%
444,DAMaN,(2022),121 min,"

9.1
",****,"13,162",%^%^%
445,The Dark Knight,(2008),152 min,"

9.0
",84        ,"2,698,044",$534.86M
446,Schindler's List,(1993),195 min,"

9.0
",95        ,"1,376,254",$96.90M
447,12 Angry Men,(1957),96 min,"

9.0
",97        ,"805,894",$4.36M
448,The Lord of the Rings: The Return of the King,(2003),201 min,"

9.0
",94        ,"1,874,787",$377.85M
449,The Godfather Part II,(1974),202 min,"

9.0
",90        ,"1,292,020",$57.30M
450,Aynabaji,(2016),147 min,"

9.0
",****,"27,425",%^%^%
451,Pulp Fiction,(1994),154 min,"

8.9
",95        ,"2,093,444",$107.93M
452,Kimetsu no Yaiba: Tsuzumi Yashiki Hen,(2021),87 min,"

8.9
",****,"17,265",%^%^%
453,Maratonci trce pocasni krug,(1982),92 min,"

8.9
",****,"16,297",%^%^%
454,Tosun Pasa,(1976),90 min,"

8.9
",****,"23,803",%^%^%
455,Hababam Sinifi Sinifta Kaldi,(1975),91 min,"

8.9
",****,"23,854",%^%^%
456,Fight Club,(1999),139 min,"

8.8
",66        ,"2,168,321",$37.03M
457,The Lord of the Rings: The Fellowship of the Ring,(2001),178 min,"

8.8
",92        ,"1,903,910",$315.54M
458,Inception,(2010),148 min,"

8.8
",74        ,"2,394,574",$292.58M
459,Forrest Gump,(1994),142 min,"

8.8
",82        ,"2,119,536",$330.25M
460,"Il buono, il brutto, il cattivo",(1966),161 min,"

8.8
",90        ,"772,610",$6.10M
461,The Lord of the Rings: The Two Towers,(2002),179 min,"

8.8
",87        ,"1,692,575",$342.55M
462,Jai Bhim,(2021),164 min,"

8.8
",****,"205,541",%^%^%
463,Kill Bill: The Whole Bloody Affair,(2006),247 min,"

8.8
",****,"13,657",%^%^%
464,777 Charlie,(2022),136 min,"

8.8
",****,"34,184",%^%^%
465,Kimetsu no Yaiba: Natagumo Yama Hen,(2020),138 min,"

8.8
",****,"12,947",%^%^%
466,Rocketry: The Nambi Effect,(2022),157 min,"

8.8
",****,"52,613",%^%^%
467,Ko to tamo peva,(1980),86 min,"

8.8
",****,"15,900",%^%^%
468,Balkanski spijun,(1984),95 min,"

8.8
",****,"11,873",%^%^%
469,#Home,(2021),158 min,"

8.8
",****,"13,915",%^%^%
470,Manichitrathazhu,(1993),169 min,"

8.8
",****,"11,302",%^%^%
471,Süt Kardesler,(1976),80 min,"

8.8
",****,"20,500",%^%^%
472,Hababam Sinifi Uyaniyor,(1977),94 min,"

8.8
",****,"20,158",%^%^%
473,The Matrix,(1999),136 min,"

8.7
",73        ,"1,944,100",$171.48M
474,GoodFellas,(1990),145 min,"

8.7
",91        ,"1,182,514",$46.84M
475,One Flew Over the Cuckoo's Nest,(1975),133 min,"

8.7
",84        ,"1,022,407",$112.00M
476,The Empire Strikes Back,(1980),124 min,"

8.7
",82        ,"1,311,930",$290.48M
477,The Kashmir Files,(2022),170 min,"

8.7
",****,"563,810",%^%^%
478,Soorarai Pottru,(2020),153 min,"

8.7
",****,"118,954",%^%^%
479,Toma,(2021),140 min,"

8.7
",****,"11,426",%^%^%
480,Pariyerum Perumal,(2018),154 min,"

8.7
",****,"16,663",%^%^%
481,Peranbu,(2018),147 min,"

8.7
",****,"15,285",%^%^%
482,Kibar Feyzo,(1978),83 min,"

8.7
",****,"16,692",%^%^%
483,Zügürt Aga,(1985),101 min,"

8.7
",****,"15,696",%^%^%
484,Saban Oglu Saban,(1977),90 min,"

8.7
",****,"18,098",%^%^%
485,Neseli Günler,(1978),95 min,"

8.7
",****,"11,493",%^%^%
486,Interstellar,(2014),169 min,"

8.6
",74        ,"1,887,121",$188.02M
487,Se7en,(1995),127 min,"

8.6
",65        ,"1,683,828",$100.13M
488,The Silence of the Lambs,(1991),118 min,"

8.6
",86        ,"1,457,143",$130.74M
489,The Green Mile,(1999),189 min,"

8.6
",61        ,"1,324,876",$136.80M
490,The Shawshank Redemption,(1994),142 min,"

9.3
",82        ,"2,725,194",$28.34M
491,The Godfather,(1972),175 min,"

9.2
",100        ,"1,894,443",$134.97M
492,Hababam Sinifi,(1975),87 min,"

9.2
",****,"41,538",%^%^%
493,DAMaN,(2022),121 min,"

9.1
",****,"13,162",%^%^%
494,The Dark Knight,(2008),152 min,"

9.0
",84        ,"2,698,044",$534.86M
495,Schindler's List,(1993),195 min,"

9.0
",95        ,"1,376,254",$96.90M
496,12 Angry Men,(1957),96 min,"

9.0
",97        ,"805,894",$4.36M
497,The Lord of the Rings: The Return of the King,(2003),201 min,"

9.0
",94        ,"1,874,787",$377.85M
498,The Godfather Part II,(1974),202 min,"

9.0
",90        ,"1,292,020",$57.30M
499,Aynabaji,(2016),147 min,"

9.0
",****,"27,425",%^%^%
500,Pulp Fiction,(1994),154 min,"

8.9
",95        ,"2,093,444",$107.93M
501,Kimetsu no Yaiba: Tsuzumi Yashiki Hen,(2021),87 min,"

8.9
",****,"17,265",%^%^%
502,Maratonci trce pocasni krug,(1982),92 min,"

8.9
",****,"16,297",%^%^%
503,Tosun Pasa,(1976),90 min,"

8.9
",****,"23,803",%^%^%
504,Hababam Sinifi Sinifta Kaldi,(1975),91 min,"

8.9
",****,"23,854",%^%^%
505,Fight Club,(1999),139 min,"

8.8
",66        ,"2,168,321",$37.03M
506,The Lord of the Rings: The Fellowship of the Ring,(2001),178 min,"

8.8
",92        ,"1,903,910",$315.54M
507,Inception,(2010),148 min,"

8.8
",74        ,"2,394,574",$292.58M
508,Forrest Gump,(1994),142 min,"

8.8
",82        ,"2,119,536",$330.25M
509,"Il buono, il brutto, il cattivo",(1966),161 min,"

8.8
",90        ,"772,610",$6.10M
510,The Lord of the Rings: The Two Towers,(2002),179 min,"

8.8
",87        ,"1,692,575",$342.55M
511,Jai Bhim,(2021),164 min,"

8.8
",****,"205,541",%^%^%
512,Kill Bill: The Whole Bloody Affair,(2006),247 min,"

8.8
",****,"13,657",%^%^%
513,777 Charlie,(2022),136 min,"

8.8
",****,"34,184",%^%^%
514,Kimetsu no Yaiba: Natagumo Yama Hen,(2020),138 min,"

8.8
",****,"12,947",%^%^%
515,Rocketry: The Nambi Effect,(2022),157 min,"

8.8
",****,"52,613",%^%^%
516,Ko to tamo peva,(1980),86 min,"

8.8
",****,"15,900",%^%^%
517,Balkanski spijun,(1984),95 min,"

8.8
",****,"11,873",%^%^%
518,#Home,(2021),158 min,"

8.8
",****,"13,915",%^%^%
519,Manichitrathazhu,(1993),169 min,"

8.8
",****,"11,302",%^%^%
520,Süt Kardesler,(1976),80 min,"

8.8
",****,"20,500",%^%^%
521,Hababam Sinifi Uyaniyor,(1977),94 min,"

8.8
",****,"20,158",%^%^%
522,The Matrix,(1999),136 min,"

8.7
",73        ,"1,944,100",$171.48M
523,GoodFellas,(1990),145 min,"

8.7
",91        ,"1,182,514",$46.84M
524,One Flew Over the Cuckoo's Nest,(1975),133 min,"

8.7
",84        ,"1,022,407",$112.00M
525,The Empire Strikes Back,(1980),124 min,"

8.7
",82        ,"1,311,930",$290.48M
526,The Kashmir Files,(2022),170 min,"

8.7
",****,"563,810",%^%^%
527,Soorarai Pottru,(2020),153 min,"

8.7
",****,"118,954",%^%^%
528,Toma,(2021),140 min,"

8.7
",****,"11,426",%^%^%
529,Pariyerum Perumal,(2018),154 min,"

8.7
",****,"16,663",%^%^%
530,Peranbu,(2018),147 min,"

8.7
",****,"15,285",%^%^%
531,Kibar Feyzo,(1978),83 min,"

8.7
",****,"16,692",%^%^%
532,Zügürt Aga,(1985),101 min,"

8.7
",****,"15,696",%^%^%
533,Saban Oglu Saban,(1977),90 min,"

8.7
",****,"18,098",%^%^%
534,Neseli Günler,(1978),95 min,"

8.7
",****,"11,493",%^%^%
535,Interstellar,(2014),169 min,"

8.6
",74        ,"1,887,121",$188.02M
536,Se7en,(1995),127 min,"

8.6
",65        ,"1,683,828",$100.13M
537,The Silence of the Lambs,(1991),118 min,"

8.6
",86        ,"1,457,143",$130.74M
538,The Green Mile,(1999),189 min,"

8.6
",61        ,"1,324,876",$136.80M
539,The Shawshank Redemption,(1994),142 min,"

9.3
",82        ,"2,725,194",$28.34M
540,The Godfather,(1972),175 min,"

9.2
",100        ,"1,894,443",$134.97M
541,Hababam Sinifi,(1975),87 min,"

9.2
",****,"41,538",%^%^%
542,DAMaN,(2022),121 min,"

9.1
",****,"13,162",%^%^%
543,The Dark Knight,(2008),152 min,"

9.0
",84        ,"2,698,044",$534.86M
544,Schindler's List,(1993),195 min,"

9.0
",95        ,"1,376,254",$96.90M
545,12 Angry Men,(1957),96 min,"

9.0
",97        ,"805,894",$4.36M
546,The Lord of the Rings: The Return of the King,(2003),201 min,"

9.0
",94        ,"1,874,787",$377.85M
547,The Godfather Part II,(1974),202 min,"

9.0
",90        ,"1,292,020",$57.30M
548,Aynabaji,(2016),147 min,"

9.0
",****,"27,425",%^%^%
549,Pulp Fiction,(1994),154 min,"

8.9
",95        ,"2,093,444",$107.93M
550,Kimetsu no Yaiba: Tsuzumi Yashiki Hen,(2021),87 min,"

8.9
",****,"17,265",%^%^%
551,Maratonci trce pocasni krug,(1982),92 min,"

8.9
",****,"16,297",%^%^%
552,Tosun Pasa,(1976),90 min,"

8.9
",****,"23,803",%^%^%
553,Hababam Sinifi Sinifta Kaldi,(1975),91 min,"

8.9
",****,"23,854",%^%^%
554,Fight Club,(1999),139 min,"

8.8
",66        ,"2,168,321",$37.03M
555,The Lord of the Rings: The Fellowship of the Ring,(2001),178 min,"

8.8
",92        ,"1,903,910",$315.54M
556,Inception,(2010),148 min,"

8.8
",74        ,"2,394,574",$292.58M
557,Forrest Gump,(1994),142 min,"

8.8
",82        ,"2,119,536",$330.25M
558,"Il buono, il brutto, il cattivo",(1966),161 min,"

8.8
",90        ,"772,610",$6.10M
559,The Lord of the Rings: The Two Towers,(2002),179 min,"

8.8
",87        ,"1,692,575",$342.55M
560,Jai Bhim,(2021),164 min,"

8.8
",****,"205,541",%^%^%
561,Kill Bill: The Whole Bloody Affair,(2006),247 min,"

8.8
",****,"13,657",%^%^%
562,777 Charlie,(2022),136 min,"

8.8
",****,"34,184",%^%^%
563,Kimetsu no Yaiba: Natagumo Yama Hen,(2020),138 min,"

8.8
",****,"12,947",%^%^%
564,Rocketry: The Nambi Effect,(2022),157 min,"

8.8
",****,"52,613",%^%^%
565,Ko to tamo peva,(1980),86 min,"

8.8
",****,"15,900",%^%^%
566,Balkanski spijun,(1984),95 min,"

8.8
",****,"11,873",%^%^%
567,#Home,(2021),158 min,"

8.8
",****,"13,915",%^%^%
568,Manichitrathazhu,(1993),169 min,"

8.8
",****,"11,302",%^%^%
569,Süt Kardesler,(1976),80 min,"

8.8
",****,"20,500",%^%^%
570,Hababam Sinifi Uyaniyor,(1977),94 min,"

8.8
",****,"20,158",%^%^%
571,The Matrix,(1999),136 min,"

8.7
",73        ,"1,944,100",$171.48M
572,GoodFellas,(1990),145 min,"

8.7
",91        ,"1,182,514",$46.84M
573,One Flew Over the Cuckoo's Nest,(1975),133 min,"

8.7
",84        ,"1,022,407",$112.00M
574,The Empire Strikes Back,(1980),124 min,"

8.7
",82        ,"1,311,930",$290.48M
575,The Kashmir Files,(2022),170 min,"

8.7
",****,"563,810",%^%^%
576,Soorarai Pottru,(2020),153 min,"

8.7
",****,"118,954",%^%^%
577,Toma,(2021),140 min,"

8.7
",****,"11,426",%^%^%
578,Pariyerum Perumal,(2018),154 min,"

8.7
",****,"16,663",%^%^%
579,Peranbu,(2018),147 min,"

8.7
",****,"15,285",%^%^%
580,Kibar Feyzo,(1978),83 min,"

8.7
",****,"16,692",%^%^%
581,Zügürt Aga,(1985),101 min,"

8.7
",****,"15,696",%^%^%
582,Saban Oglu Saban,(1977),90 min,"

8.7
",****,"18,098",%^%^%
583,Neseli Günler,(1978),95 min,"

8.7
",****,"11,493",%^%^%
584,Interstellar,(2014),169 min,"

8.6
",74        ,"1,887,121",$188.02M
585,Se7en,(1995),127 min,"

8.6
",65        ,"1,683,828",$100.13M
586,The Silence of the Lambs,(1991),118 min,"

8.6
",86        ,"1,457,143",$130.74M
587,The Green Mile,(1999),189 min,"

8.6
",61        ,"1,324,876",$136.80M
588,The Shawshank Redemption,(1994),142 min,"

9.3
",82        ,"2,725,194",$28.34M
589,The Godfather,(1972),175 min,"

9.2
",100        ,"1,894,443",$134.97M
590,Hababam Sinifi,(1975),87 min,"

9.2
",****,"41,538",%^%^%
591,DAMaN,(2022),121 min,"

9.1
",****,"13,162",%^%^%
592,The Dark Knight,(2008),152 min,"

9.0
",84        ,"2,698,044",$534.86M
593,Schindler's List,(1993),195 min,"

9.0
",95        ,"1,376,254",$96.90M
594,12 Angry Men,(1957),96 min,"

9.0
",97        ,"805,894",$4.36M
595,The Lord of the Rings: The Return of the King,(2003),201 min,"

9.0
",94        ,"1,874,787",$377.85M
596,The Godfather Part II,(1974),202 min,"

9.0
",90        ,"1,292,020",$57.30M
597,Aynabaji,(2016),147 min,"

9.0
",****,"27,425",%^%^%
598,Pulp Fiction,(1994),154 min,"

8.9
",95        ,"2,093,444",$107.93M
599,Kimetsu no Yaiba: Tsuzumi Yashiki Hen,(2021),87 min,"

8.9
",****,"17,265",%^%^%
600,Maratonci trce pocasni krug,(1982),92 min,"

8.9
",****,"16,297",%^%^%
601,Tosun Pasa,(1976),90 min,"

8.9
",****,"23,803",%^%^%
602,Hababam Sinifi Sinifta Kaldi,(1975),91 min,"

8.9
",****,"23,854",%^%^%
603,Fight Club,(1999),139 min,"

8.8
",66        ,"2,168,321",$37.03M
604,The Lord of the Rings: The Fellowship of the Ring,(2001),178 min,"

8.8
",92        ,"1,903,910",$315.54M
605,Inception,(2010),148 min,"

8.8
",74        ,"2,394,574",$292.58M
606,Forrest Gump,(1994),142 min,"

8.8
",82        ,"2,119,536",$330.25M
607,"Il buono, il brutto, il cattivo",(1966),161 min,"

8.8
",90        ,"772,610",$6.10M
608,The Lord of the Rings: The Two Towers,(2002),179 min,"

8.8
",87        ,"1,692,575",$342.55M
609,Jai Bhim,(2021),164 min,"

8.8
",****,"205,541",%^%^%
610,Kill Bill: The Whole Bloody Affair,(2006),247 min,"

8.8
",****,"13,657",%^%^%
611,777 Charlie,(2022),136 min,"

8.8
",****,"34,184",%^%^%
612,Kimetsu no Yaiba: Natagumo Yama Hen,(2020),138 min,"

8.8
",****,"12,947",%^%^%
613,Rocketry: The Nambi Effect,(2022),157 min,"

8.8
",****,"52,613",%^%^%
614,Ko to tamo peva,(1980),86 min,"

8.8
",****,"15,900",%^%^%
615,Balkanski spijun,(1984),95 min,"

8.8
",****,"11,873",%^%^%
616,#Home,(2021),158 min,"

8.8
",****,"13,915",%^%^%
617,Manichitrathazhu,(1993),169 min,"

8.8
",****,"11,302",%^%^%
618,Süt Kardesler,(1976),80 min,"

8.8
",****,"20,500",%^%^%
619,Hababam Sinifi Uyaniyor,(1977),94 min,"

8.8
",****,"20,158",%^%^%
620,The Matrix,(1999),136 min,"

8.7
",73        ,"1,944,100",$171.48M
621,GoodFellas,(1990),145 min,"

8.7
",91        ,"1,182,514",$46.84M
622,One Flew Over the Cuckoo's Nest,(1975),133 min,"

8.7
",84        ,"1,022,407",$112.00M
623,The Empire Strikes Back,(1980),124 min,"

8.7
",82        ,"1,311,930",$290.48M
624,The Kashmir Files,(2022),170 min,"

8.7
",****,"563,810",%^%^%
625,Soorarai Pottru,(2020),153 min,"

8.7
",****,"118,954",%^%^%
626,Toma,(2021),140 min,"

8.7
",****,"11,426",%^%^%
627,Pariyerum Perumal,(2018),154 min,"

8.7
",****,"16,663",%^%^%
628,Peranbu,(2018),147 min,"

8.7
",****,"15,285",%^%^%
629,Kibar Feyzo,(1978),83 min,"

8.7
",****,"16,692",%^%^%
630,Zügürt Aga,(1985),101 min,"

8.7
",****,"15,696",%^%^%
631,Saban Oglu Saban,(1977),90 min,"

8.7
",****,"18,098",%^%^%
632,Neseli Günler,(1978),95 min,"

8.7
",****,"11,493",%^%^%
633,Interstellar,(2014),169 min,"

8.6
",74        ,"1,887,121",$188.02M
634,Se7en,(1995),127 min,"

8.6
",65        ,"1,683,828",$100.13M
635,The Silence of the Lambs,(1991),118 min,"

8.6
",86        ,"1,457,143",$130.74M
636,The Green Mile,(1999),189 min,"

8.6
",61        ,"1,324,876",$136.80M
637,The Shawshank Redemption,(1994),142 min,"

9.3
",82        ,"2,725,194",$28.34M
638,The Godfather,(1972),175 min,"

9.2
",100        ,"1,894,443",$134.97M
639,Hababam Sinifi,(1975),87 min,"

9.2
",****,"41,538",%^%^%
640,DAMaN,(2022),121 min,"

9.1
",****,"13,162",%^%^%
641,The Dark Knight,(2008),152 min,"

9.0
",84        ,"2,698,044",$534.86M
642,Schindler's List,(1993),195 min,"

9.0
",95        ,"1,376,254",$96.90M
643,12 Angry Men,(1957),96 min,"

9.0
",97        ,"805,894",$4.36M
644,The Lord of the Rings: The Return of the King,(2003),201 min,"

9.0
",94        ,"1,874,787",$377.85M
645,The Godfather Part II,(1974),202 min,"

9.0
",90        ,"1,292,020",$57.30M
646,Aynabaji,(2016),147 min,"

9.0
",****,"27,425",%^%^%
647,Pulp Fiction,(1994),154 min,"

8.9
",95        ,"2,093,444",$107.93M
648,Kimetsu no Yaiba: Tsuzumi Yashiki Hen,(2021),87 min,"

8.9
",****,"17,265",%^%^%
649,Maratonci trce pocasni krug,(1982),92 min,"

8.9
",****,"16,297",%^%^%
650,Tosun Pasa,(1976),90 min,"

8.9
",****,"23,803",%^%^%
651,Hababam Sinifi Sinifta Kaldi,(1975),91 min,"

8.9
",****,"23,854",%^%^%
652,Fight Club,(1999),139 min,"

8.8
",66        ,"2,168,321",$37.03M
653,The Lord of the Rings: The Fellowship of the Ring,(2001),178 min,"

8.8
",92        ,"1,903,910",$315.54M
654,Inception,(2010),148 min,"

8.8
",74        ,"2,394,574",$292.58M
655,Forrest Gump,(1994),142 min,"

8.8
",82        ,"2,119,536",$330.25M
656,"Il buono, il brutto, il cattivo",(1966),161 min,"

8.8
",90        ,"772,610",$6.10M
657,The Lord of the Rings: The Two Towers,(2002),179 min,"

8.8
",87        ,"1,692,575",$342.55M
658,Jai Bhim,(2021),164 min,"

8.8
",****,"205,541",%^%^%
659,Kill Bill: The Whole Bloody Affair,(2006),247 min,"

8.8
",****,"13,657",%^%^%
660,777 Charlie,(2022),136 min,"

8.8
",****,"34,184",%^%^%
661,Kimetsu no Yaiba: Natagumo Yama Hen,(2020),138 min,"

8.8
",****,"12,947",%^%^%
662,Rocketry: The Nambi Effect,(2022),157 min,"

8.8
",****,"52,613",%^%^%
663,Ko to tamo peva,(1980),86 min,"

8.8
",****,"15,900",%^%^%
664,Balkanski spijun,(1984),95 min,"

8.8
",****,"11,873",%^%^%
665,#Home,(2021),158 min,"

8.8
",****,"13,915",%^%^%
666,Manichitrathazhu,(1993),169 min,"

8.8
",****,"11,302",%^%^%
667,Süt Kardesler,(1976),80 min,"

8.8
",****,"20,500",%^%^%
668,Hababam Sinifi Uyaniyor,(1977),94 min,"

8.8
",****,"20,158",%^%^%
669,The Matrix,(1999),136 min,"

8.7
",73        ,"1,944,100",$171.48M
670,GoodFellas,(1990),145 min,"

8.7
",91        ,"1,182,514",$46.84M
671,One Flew Over the Cuckoo's Nest,(1975),133 min,"

8.7
",84        ,"1,022,407",$112.00M
672,The Empire Strikes Back,(1980),124 min,"

8.7
",82        ,"1,311,930",$290.48M
673,The Kashmir Files,(2022),170 min,"

8.7
",****,"563,810",%^%^%
674,Soorarai Pottru,(2020),153 min,"

8.7
",****,"118,954",%^%^%
675,Toma,(2021),140 min,"

8.7
",****,"11,426",%^%^%
676,Pariyerum Perumal,(2018),154 min,"

8.7
",****,"16,663",%^%^%
677,Peranbu,(2018),147 min,"

8.7
",****,"15,285",%^%^%
678,Kibar Feyzo,(1978),83 min,"

8.7
",****,"16,692",%^%^%
679,Zügürt Aga,(1985),101 min,"

8.7
",****,"15,696",%^%^%
680,Saban Oglu Saban,(1977),90 min,"

8.7
",****,"18,098",%^%^%
681,Neseli Günler,(1978),95 min,"

8.7
",****,"11,493",%^%^%
682,Interstellar,(2014),169 min,"

8.6
",74        ,"1,887,121",$188.02M
683,Se7en,(1995),127 min,"

8.6
",65        ,"1,683,828",$100.13M
684,The Silence of the Lambs,(1991),118 min,"

8.6
",86        ,"1,457,143",$130.74M
685,The Green Mile,(1999),189 min,"

8.6
",61        ,"1,324,876",$136.80M
686,The Shawshank Redemption,(1994),142 min,"

9.3
",82        ,"2,725,194",$28.34M
687,The Godfather,(1972),175 min,"

9.2
",100        ,"1,894,443",$134.97M
688,Hababam Sinifi,(1975),87 min,"

9.2
",****,"41,538",%^%^%
689,DAMaN,(2022),121 min,"

9.1
",****,"13,162",%^%^%
690,The Dark Knight,(2008),152 min,"

9.0
",84        ,"2,698,044",$534.86M
691,Schindler's List,(1993),195 min,"

9.0
",95        ,"1,376,254",$96.90M
692,12 Angry Men,(1957),96 min,"

9.0
",97        ,"805,894",$4.36M
693,The Lord of the Rings: The Return of the King,(2003),201 min,"

9.0
",94        ,"1,874,787",$377.85M
694,The Godfather Part II,(1974),202 min,"

9.0
",90        ,"1,292,020",$57.30M
695,Aynabaji,(2016),147 min,"

9.0
",****,"27,425",%^%^%
696,Pulp Fiction,(1994),154 min,"

8.9
",95        ,"2,093,444",$107.93M
697,Kimetsu no Yaiba: Tsuzumi Yashiki Hen,(2021),87 min,"

8.9
",****,"17,265",%^%^%
698,Maratonci trce pocasni krug,(1982),92 min,"

8.9
",****,"16,297",%^%^%
699,Tosun Pasa,(1976),90 min,"

8.9
",****,"23,803",%^%^%
700,Hababam Sinifi Sinifta Kaldi,(1975),91 min,"

8.9
",****,"23,854",%^%^%
701,Fight Club,(1999),139 min,"

8.8
",66        ,"2,168,321",$37.03M
702,The Lord of the Rings: The Fellowship of the Ring,(2001),178 min,"

8.8
",92        ,"1,903,910",$315.54M
703,Inception,(2010),148 min,"

8.8
",74        ,"2,394,574",$292.58M
704,Forrest Gump,(1994),142 min,"

8.8
",82        ,"2,119,536",$330.25M
705,"Il buono, il brutto, il cattivo",(1966),161 min,"

8.8
",90        ,"772,610",$6.10M
706,The Lord of the Rings: The Two Towers,(2002),179 min,"

8.8
",87        ,"1,692,575",$342.55M
707,Jai Bhim,(2021),164 min,"

8.8
",****,"205,541",%^%^%
708,Kill Bill: The Whole Bloody Affair,(2006),247 min,"

8.8
",****,"13,657",%^%^%
709,777 Charlie,(2022),136 min,"

8.8
",****,"34,184",%^%^%
710,Kimetsu no Yaiba: Natagumo Yama Hen,(2020),138 min,"

8.8
",****,"12,947",%^%^%
711,Rocketry: The Nambi Effect,(2022),157 min,"

8.8
",****,"52,613",%^%^%
712,Ko to tamo peva,(1980),86 min,"

8.8
",****,"15,900",%^%^%
713,Balkanski spijun,(1984),95 min,"

8.8
",****,"11,873",%^%^%
714,#Home,(2021),158 min,"

8.8
",****,"13,915",%^%^%
715,Manichitrathazhu,(1993),169 min,"

8.8
",****,"11,302",%^%^%
716,Süt Kardesler,(1976),80 min,"

8.8
",****,"20,500",%^%^%
717,Hababam Sinifi Uyaniyor,(1977),94 min,"

8.8
",****,"20,158",%^%^%
718,The Matrix,(1999),136 min,"

8.7
",73        ,"1,944,100",$171.48M
719,GoodFellas,(1990),145 min,"

8.7
",91        ,"1,182,514",$46.84M
720,One Flew Over the Cuckoo's Nest,(1975),133 min,"

8.7
",84        ,"1,022,407",$112.00M
721,The Empire Strikes Back,(1980),124 min,"

8.7
",82        ,"1,311,930",$290.48M
722,The Kashmir Files,(2022),170 min,"

8.7
",****,"563,810",%^%^%
723,Soorarai Pottru,(2020),153 min,"

8.7
",****,"118,954",%^%^%
724,Toma,(2021),140 min,"

8.7
",****,"11,426",%^%^%
725,Pariyerum Perumal,(2018),154 min,"

8.7
",****,"16,663",%^%^%
726,Peranbu,(2018),147 min,"

8.7
",****,"15,285",%^%^%
727,Kibar Feyzo,(1978),83 min,"

8.7
",****,"16,692",%^%^%
728,Zügürt Aga,(1985),101 min,"

8.7
",****,"15,696",%^%^%
729,Saban Oglu Saban,(1977),90 min,"

8.7
",****,"18,098",%^%^%
730,Neseli Günler,(1978),95 min,"

8.7
",****,"11,493",%^%^%
731,Interstellar,(2014),169 min,"

8.6
",74        ,"1,887,121",$188.02M
732,Se7en,(1995),127 min,"

8.6
",65        ,"1,683,828",$100.13M
733,The Silence of the Lambs,(1991),118 min,"

8.6
",86        ,"1,457,143",$130.74M
734,The Green Mile,(1999),189 min,"

8.6
",61        ,"1,324,876",$136.80M
735,The Shawshank Redemption,(1994),142 min,"

9.3
",82        ,"2,725,194",$28.34M
736,The Godfather,(1972),175 min,"

9.2
",100        ,"1,894,443",$134.97M
737,Hababam Sinifi,(1975),87 min,"

9.2
",****,"41,538",%^%^%
738,DAMaN,(2022),121 min,"

9.1
",****,"13,162",%^%^%
739,The Dark Knight,(2008),152 min,"

9.0
",84        ,"2,698,044",$534.86M
740,Schindler's List,(1993),195 min,"

9.0
",95        ,"1,376,254",$96.90M
741,12 Angry Men,(1957),96 min,"

9.0
",97        ,"805,894",$4.36M
742,The Lord of the Rings: The Return of the King,(2003),201 min,"

9.0
",94        ,"1,874,787",$377.85M
743,The Godfather Part II,(1974),202 min,"

9.0
",90        ,"1,292,020",$57.30M
744,Aynabaji,(2016),147 min,"

9.0
",****,"27,425",%^%^%
745,Pulp Fiction,(1994),154 min,"

8.9
",95        ,"2,093,444",$107.93M
746,Kimetsu no Yaiba: Tsuzumi Yashiki Hen,(2021),87 min,"

8.9
",****,"17,265",%^%^%
747,Maratonci trce pocasni krug,(1982),92 min,"

8.9
",****,"16,297",%^%^%
748,Tosun Pasa,(1976),90 min,"

8.9
",****,"23,803",%^%^%
749,Hababam Sinifi Sinifta Kaldi,(1975),91 min,"

8.9
",****,"23,854",%^%^%
750,Fight Club,(1999),139 min,"

8.8
",66        ,"2,168,321",$37.03M
751,The Lord of the Rings: The Fellowship of the Ring,(2001),178 min,"

8.8
",92        ,"1,903,910",$315.54M
752,Inception,(2010),148 min,"

8.8
",74        ,"2,394,574",$292.58M
753,Forrest Gump,(1994),142 min,"

8.8
",82        ,"2,119,536",$330.25M
754,"Il buono, il brutto, il cattivo",(1966),161 min,"

8.8
",90        ,"772,610",$6.10M
755,The Lord of the Rings: The Two Towers,(2002),179 min,"

8.8
",87        ,"1,692,575",$342.55M
756,Jai Bhim,(2021),164 min,"

8.8
",****,"205,541",%^%^%
757,Kill Bill: The Whole Bloody Affair,(2006),247 min,"

8.8
",****,"13,657",%^%^%
758,777 Charlie,(2022),136 min,"

8.8
",****,"34,184",%^%^%
759,Kimetsu no Yaiba: Natagumo Yama Hen,(2020),138 min,"

8.8
",****,"12,947",%^%^%
760,Rocketry: The Nambi Effect,(2022),157 min,"

8.8
",****,"52,613",%^%^%
761,Ko to tamo peva,(1980),86 min,"

8.8
",****,"15,900",%^%^%
762,Balkanski spijun,(1984),95 min,"

8.8
",****,"11,873",%^%^%
763,#Home,(2021),158 min,"

8.8
",****,"13,915",%^%^%
764,Manichitrathazhu,(1993),169 min,"

8.8
",****,"11,302",%^%^%
765,Süt Kardesler,(1976),80 min,"

8.8
",****,"20,500",%^%^%
766,Hababam Sinifi Uyaniyor,(1977),94 min,"

8.8
",****,"20,158",%^%^%
767,The Matrix,(1999),136 min,"

8.7
",73        ,"1,944,100",$171.48M
768,GoodFellas,(1990),145 min,"

8.7
",91        ,"1,182,514",$46.84M
769,One Flew Over the Cuckoo's Nest,(1975),133 min,"

8.7
",84        ,"1,022,407",$112.00M
770,The Empire Strikes Back,(1980),124 min,"

8.7
",82        ,"1,311,930",$290.48M
771,The Kashmir Files,(2022),170 min,"

8.7
",****,"563,810",%^%^%
772,Soorarai Pottru,(2020),153 min,"

8.7
",****,"118,954",%^%^%
773,Toma,(2021),140 min,"

8.7
",****,"11,426",%^%^%
774,Pariyerum Perumal,(2018),154 min,"

8.7
",****,"16,663",%^%^%
775,Peranbu,(2018),147 min,"

8.7
",****,"15,285",%^%^%
776,Kibar Feyzo,(1978),83 min,"

8.7
",****,"16,692",%^%^%
777,Zügürt Aga,(1985),101 min,"

8.7
",****,"15,696",%^%^%
778,Saban Oglu Saban,(1977),90 min,"

8.7
",****,"18,098",%^%^%
779,Neseli Günler,(1978),95 min,"

8.7
",****,"11,493",%^%^%
780,Interstellar,(2014),169 min,"

8.6
",74        ,"1,887,121",$188.02M
781,Se7en,(1995),127 min,"

8.6
",65        ,"1,683,828",$100.13M
782,The Silence of the Lambs,(1991),118 min,"

8.6
",86        ,"1,457,143",$130.74M
783,The Green Mile,(1999),189 min,"

8.6
",61        ,"1,324,876",$136.80M
784,The Shawshank Redemption,(1994),142 min,"

9.3
",82        ,"2,725,194",$28.34M
785,The Godfather,(1972),175 min,"

9.2
",100        ,"1,894,443",$134.97M
786,Hababam Sinifi,(1975),87 min,"

9.2
",****,"41,538",%^%^%
787,DAMaN,(2022),121 min,"

9.1
",****,"13,162",%^%^%
788,The Dark Knight,(2008),152 min,"

9.0
",84        ,"2,698,044",$534.86M
789,Schindler's List,(1993),195 min,"

9.0
",95        ,"1,376,254",$96.90M
790,12 Angry Men,(1957),96 min,"

9.0
",97        ,"805,894",$4.36M
791,The Lord of the Rings: The Return of the King,(2003),201 min,"

9.0
",94        ,"1,874,787",$377.85M
792,The Godfather Part II,(1974),202 min,"

9.0
",90        ,"1,292,020",$57.30M
793,Aynabaji,(2016),147 min,"

9.0
",****,"27,425",%^%^%
794,Pulp Fiction,(1994),154 min,"

8.9
",95        ,"2,093,444",$107.93M
795,Kimetsu no Yaiba: Tsuzumi Yashiki Hen,(2021),87 min,"

8.9
",****,"17,265",%^%^%
796,Maratonci trce pocasni krug,(1982),92 min,"

8.9
",****,"16,297",%^%^%
797,Tosun Pasa,(1976),90 min,"

8.9
",****,"23,803",%^%^%
798,Hababam Sinifi Sinifta Kaldi,(1975),91 min,"

8.9
",****,"23,854",%^%^%
799,Fight Club,(1999),139 min,"

8.8
",66        ,"2,168,321",$37.03M
800,The Lord of the Rings: The Fellowship of the Ring,(2001),178 min,"

8.8
",92        ,"1,903,910",$315.54M
801,Inception,(2010),148 min,"

8.8
",74        ,"2,394,574",$292.58M
802,Forrest Gump,(1994),142 min,"

8.8
",82        ,"2,119,536",$330.25M
803,"Il buono, il brutto, il cattivo",(1966),161 min,"

8.8
",90        ,"772,610",$6.10M
804,The Lord of the Rings: The Two Towers,(2002),179 min,"

8.8
",87        ,"1,692,575",$342.55M
805,Jai Bhim,(2021),164 min,"

8.8
",****,"205,541",%^%^%
806,Kill Bill: The Whole Bloody Affair,(2006),247 min,"

8.8
",****,"13,657",%^%^%
807,777 Charlie,(2022),136 min,"

8.8
",****,"34,184",%^%^%
808,Kimetsu no Yaiba: Natagumo Yama Hen,(2020),138 min,"

8.8
",****,"12,947",%^%^%
809,Rocketry: The Nambi Effect,(2022),157 min,"

8.8
",****,"52,613",%^%^%
810,Ko to tamo peva,(1980),86 min,"

8.8
",****,"15,900",%^%^%
811,Balkanski spijun,(1984),95 min,"

8.8
",****,"11,873",%^%^%
812,#Home,(2021),158 min,"

8.8
",****,"13,915",%^%^%
813,Manichitrathazhu,(1993),169 min,"

8.8
",****,"11,302",%^%^%
814,Süt Kardesler,(1976),80 min,"

8.8
",****,"20,500",%^%^%
815,Hababam Sinifi Uyaniyor,(1977),94 min,"

8.8
",****,"20,158",%^%^%
816,The Matrix,(1999),136 min,"

8.7
",73        ,"1,944,100",$171.48M
817,GoodFellas,(1990),145 min,"

8.7
",91        ,"1,182,514",$46.84M
818,One Flew Over the Cuckoo's Nest,(1975),133 min,"

8.7
",84        ,"1,022,407",$112.00M
819,The Empire Strikes Back,(1980),124 min,"

8.7
",82        ,"1,311,930",$290.48M
820,The Kashmir Files,(2022),170 min,"

8.7
",****,"563,810",%^%^%
821,Soorarai Pottru,(2020),153 min,"

8.7
",****,"118,954",%^%^%
822,Toma,(2021),140 min,"

8.7
",****,"11,426",%^%^%
823,Pariyerum Perumal,(2018),154 min,"

8.7
",****,"16,663",%^%^%
824,Peranbu,(2018),147 min,"

8.7
",****,"15,285",%^%^%
825,Kibar Feyzo,(1978),83 min,"

8.7
",****,"16,692",%^%^%
826,Zügürt Aga,(1985),101 min,"

8.7
",****,"15,696",%^%^%
827,Saban Oglu Saban,(1977),90 min,"

8.7
",****,"18,098",%^%^%
828,Neseli Günler,(1978),95 min,"

8.7
",****,"11,493",%^%^%
829,Interstellar,(2014),169 min,"

8.6
",74        ,"1,887,121",$188.02M
830,Se7en,(1995),127 min,"

8.6
",65        ,"1,683,828",$100.13M
831,The Silence of the Lambs,(1991),118 min,"

8.6
",86        ,"1,457,143",$130.74M
832,The Green Mile,(1999),189 min,"

8.6
",61        ,"1,324,876",$136.80M
833,The Shawshank Redemption,(1994),142 min,"

9.3
",82        ,"2,725,194",$28.34M
834,The Godfather,(1972),175 min,"

9.2
",100        ,"1,894,443",$134.97M
835,Hababam Sinifi,(1975),87 min,"

9.2
",****,"41,538",%^%^%
836,DAMaN,(2022),121 min,"

9.1
",****,"13,162",%^%^%
837,The Dark Knight,(2008),152 min,"

9.0
",84        ,"2,698,044",$534.86M
838,Schindler's List,(1993),195 min,"

9.0
",95        ,"1,376,254",$96.90M
839,12 Angry Men,(1957),96 min,"

9.0
",97        ,"805,894",$4.36M
840,The Lord of the Rings: The Return of the King,(2003),201 min,"

9.0
",94        ,"1,874,787",$377.85M
841,The Godfather Part II,(1974),202 min,"

9.0
",90        ,"1,292,020",$57.30M
842,Aynabaji,(2016),147 min,"

9.0
",****,"27,425",%^%^%
843,Pulp Fiction,(1994),154 min,"

8.9
",95        ,"2,093,444",$107.93M
844,Kimetsu no Yaiba: Tsuzumi Yashiki Hen,(2021),87 min,"

8.9
",****,"17,265",%^%^%
845,Maratonci trce pocasni krug,(1982),92 min,"

8.9
",****,"16,297",%^%^%
846,Tosun Pasa,(1976),90 min,"

8.9
",****,"23,803",%^%^%
847,Hababam Sinifi Sinifta Kaldi,(1975),91 min,"

8.9
",****,"23,854",%^%^%
848,Fight Club,(1999),139 min,"

8.8
",66        ,"2,168,321",$37.03M
849,The Lord of the Rings: The Fellowship of the Ring,(2001),178 min,"

8.8
",92        ,"1,903,910",$315.54M
850,Inception,(2010),148 min,"

8.8
",74        ,"2,394,574",$292.58M
851,Forrest Gump,(1994),142 min,"

8.8
",82        ,"2,119,536",$330.25M
852,"Il buono, il brutto, il cattivo",(1966),161 min,"

8.8
",90        ,"772,610",$6.10M
853,The Lord of the Rings: The Two Towers,(2002),179 min,"

8.8
",87        ,"1,692,575",$342.55M
854,Jai Bhim,(2021),164 min,"

8.8
",****,"205,541",%^%^%
855,Kill Bill: The Whole Bloody Affair,(2006),247 min,"

8.8
",****,"13,657",%^%^%
856,777 Charlie,(2022),136 min,"

8.8
",****,"34,184",%^%^%
857,Kimetsu no Yaiba: Natagumo Yama Hen,(2020),138 min,"

8.8
",****,"12,947",%^%^%
858,Rocketry: The Nambi Effect,(2022),157 min,"

8.8
",****,"52,613",%^%^%
859,Ko to tamo peva,(1980),86 min,"

8.8
",****,"15,900",%^%^%
860,Balkanski spijun,(1984),95 min,"

8.8
",****,"11,873",%^%^%
861,#Home,(2021),158 min,"

8.8
",****,"13,915",%^%^%
862,Manichitrathazhu,(1993),169 min,"

8.8
",****,"11,302",%^%^%
863,Süt Kardesler,(1976),80 min,"

8.8
",****,"20,500",%^%^%
864,Hababam Sinifi Uyaniyor,(1977),94 min,"

8.8
",****,"20,158",%^%^%
865,The Matrix,(1999),136 min,"

8.7
",73        ,"1,944,100",$171.48M
866,GoodFellas,(1990),145 min,"

8.7
",91        ,"1,182,514",$46.84M
867,One Flew Over the Cuckoo's Nest,(1975),133 min,"

8.7
",84        ,"1,022,407",$112.00M
868,The Empire Strikes Back,(1980),124 min,"

8.7
",82        ,"1,311,930",$290.48M
869,The Kashmir Files,(2022),170 min,"

8.7
",****,"563,810",%^%^%
870,Soorarai Pottru,(2020),153 min,"

8.7
",****,"118,954",%^%^%
871,Toma,(2021),140 min,"

8.7
",****,"11,426",%^%^%
872,Pariyerum Perumal,(2018),154 min,"

8.7
",****,"16,663",%^%^%
873,Peranbu,(2018),147 min,"

8.7
",****,"15,285",%^%^%
874,Kibar Feyzo,(1978),83 min,"

8.7
",****,"16,692",%^%^%
875,Zügürt Aga,(1985),101 min,"

8.7
",****,"15,696",%^%^%
876,Saban Oglu Saban,(1977),90 min,"

8.7
",****,"18,098",%^%^%
877,Neseli Günler,(1978),95 min,"

8.7
",****,"11,493",%^%^%
878,Interstellar,(2014),169 min,"

8.6
",74        ,"1,887,121",$188.02M
879,Se7en,(1995),127 min,"

8.6
",65        ,"1,683,828",$100.13M
880,The Silence of the Lambs,(1991),118 min,"

8.6
",86        ,"1,457,143",$130.74M
881,The Green Mile,(1999),189 min,"

8.6
",61        ,"1,324,876",$136.80M
882,The Shawshank Redemption,(1994),142 min,"

9.3
",82        ,"2,725,194",$28.34M
883,The Godfather,(1972),175 min,"

9.2
",100        ,"1,894,443",$134.97M
884,Hababam Sinifi,(1975),87 min,"

9.2
",****,"41,538",%^%^%
885,DAMaN,(2022),121 min,"

9.1
",****,"13,162",%^%^%
886,The Dark Knight,(2008),152 min,"

9.0
",84        ,"2,698,044",$534.86M
887,Schindler's List,(1993),195 min,"

9.0
",95        ,"1,376,254",$96.90M
888,12 Angry Men,(1957),96 min,"

9.0
",97        ,"805,894",$4.36M
889,The Lord of the Rings: The Return of the King,(2003),201 min,"

9.0
",94        ,"1,874,787",$377.85M
890,The Godfather Part II,(1974),202 min,"

9.0
",90        ,"1,292,020",$57.30M
891,Aynabaji,(2016),147 min,"

9.0
",****,"27,425",%^%^%
892,Pulp Fiction,(1994),154 min,"

8.9
",95        ,"2,093,444",$107.93M
893,Kimetsu no Yaiba: Tsuzumi Yashiki Hen,(2021),87 min,"

8.9
",****,"17,265",%^%^%
894,Maratonci trce pocasni krug,(1982),92 min,"

8.9
",****,"16,297",%^%^%
895,Tosun Pasa,(1976),90 min,"

8.9
",****,"23,803",%^%^%
896,Hababam Sinifi Sinifta Kaldi,(1975),91 min,"

8.9
",****,"23,854",%^%^%
897,Fight Club,(1999),139 min,"

8.8
",66        ,"2,168,321",$37.03M
898,The Lord of the Rings: The Fellowship of the Ring,(2001),178 min,"

8.8
",92        ,"1,903,910",$315.54M
899,Inception,(2010),148 min,"

8.8
",74        ,"2,394,574",$292.58M
900,Forrest Gump,(1994),142 min,"

8.8
",82        ,"2,119,536",$330.25M
901,"Il buono, il brutto, il cattivo",(1966),161 min,"

8.8
",90        ,"772,610",$6.10M
902,The Lord of the Rings: The Two Towers,(2002),179 min,"

8.8
",87        ,"1,692,575",$342.55M
903,Jai Bhim,(2021),164 min,"

8.8
",****,"205,541",%^%^%
904,Kill Bill: The Whole Bloody Affair,(2006),247 min,"

8.8
",****,"13,657",%^%^%
905,777 Charlie,(2022),136 min,"

8.8
",****,"34,184",%^%^%
906,Kimetsu no Yaiba: Natagumo Yama Hen,(2020),138 min,"

8.8
",****,"12,947",%^%^%
907,Rocketry: The Nambi Effect,(2022),157 min,"

8.8
",****,"52,613",%^%^%
908,Ko to tamo peva,(1980),86 min,"

8.8
",****,"15,900",%^%^%
909,Balkanski spijun,(1984),95 min,"

8.8
",****,"11,873",%^%^%
910,#Home,(2021),158 min,"

8.8
",****,"13,915",%^%^%
911,Manichitrathazhu,(1993),169 min,"

8.8
",****,"11,302",%^%^%
912,Süt Kardesler,(1976),80 min,"

8.8
",****,"20,500",%^%^%
913,Hababam Sinifi Uyaniyor,(1977),94 min,"

8.8
",****,"20,158",%^%^%
914,The Matrix,(1999),136 min,"

8.7
",73        ,"1,944,100",$171.48M
915,GoodFellas,(1990),145 min,"

8.7
",91        ,"1,182,514",$46.84M
916,One Flew Over the Cuckoo's Nest,(1975),133 min,"

8.7
",84        ,"1,022,407",$112.00M
917,The Empire Strikes Back,(1980),124 min,"

8.7
",82        ,"1,311,930",$290.48M
918,The Kashmir Files,(2022),170 min,"

8.7
",****,"563,810",%^%^%
919,Soorarai Pottru,(2020),153 min,"

8.7
",****,"118,954",%^%^%
920,Toma,(2021),140 min,"

8.7
",****,"11,426",%^%^%
921,Pariyerum Perumal,(2018),154 min,"

8.7
",****,"16,663",%^%^%
922,Peranbu,(2018),147 min,"

8.7
",****,"15,285",%^%^%
923,Kibar Feyzo,(1978),83 min,"

8.7
",****,"16,692",%^%^%
924,Zügürt Aga,(1985),101 min,"

8.7
",****,"15,696",%^%^%
925,Saban Oglu Saban,(1977),90 min,"

8.7
",****,"18,098",%^%^%
926,Neseli Günler,(1978),95 min,"

8.7
",****,"11,493",%^%^%
927,Interstellar,(2014),169 min,"

8.6
",74        ,"1,887,121",$188.02M
928,Se7en,(1995),127 min,"

8.6
",65        ,"1,683,828",$100.13M
929,The Silence of the Lambs,(1991),118 min,"

8.6
",86        ,"1,457,143",$130.74M
930,The Green Mile,(1999),189 min,"

8.6
",61        ,"1,324,876",$136.80M
931,The Shawshank Redemption,(1994),142 min,"

9.3
",82        ,"2,725,194",$28.34M
932,The Godfather,(1972),175 min,"

9.2
",100        ,"1,894,443",$134.97M
933,Hababam Sinifi,(1975),87 min,"

9.2
",****,"41,538",%^%^%
934,DAMaN,(2022),121 min,"

9.1
",****,"13,162",%^%^%
935,The Dark Knight,(2008),152 min,"

9.0
",84        ,"2,698,044",$534.86M
936,Schindler's List,(1993),195 min,"

9.0
",95        ,"1,376,254",$96.90M
937,12 Angry Men,(1957),96 min,"

9.0
",97        ,"805,894",$4.36M
938,The Lord of the Rings: The Return of the King,(2003),201 min,"

9.0
",94        ,"1,874,787",$377.85M
939,The Godfather Part II,(1974),202 min,"

9.0
",90        ,"1,292,020",$57.30M
940,Aynabaji,(2016),147 min,"

9.0
",****,"27,425",%^%^%
941,Pulp Fiction,(1994),154 min,"

8.9
",95        ,"2,093,444",$107.93M
942,Kimetsu no Yaiba: Tsuzumi Yashiki Hen,(2021),87 min,"

8.9
",****,"17,265",%^%^%
943,Maratonci trce pocasni krug,(1982),92 min,"

8.9
",****,"16,297",%^%^%
944,Tosun Pasa,(1976),90 min,"

8.9
",****,"23,803",%^%^%
945,Hababam Sinifi Sinifta Kaldi,(1975),91 min,"

8.9
",****,"23,854",%^%^%
946,Fight Club,(1999),139 min,"

8.8
",66        ,"2,168,321",$37.03M
947,The Lord of the Rings: The Fellowship of the Ring,(2001),178 min,"

8.8
",92        ,"1,903,910",$315.54M
948,Inception,(2010),148 min,"

8.8
",74        ,"2,394,574",$292.58M
949,Forrest Gump,(1994),142 min,"

8.8
",82        ,"2,119,536",$330.25M
950,"Il buono, il brutto, il cattivo",(1966),161 min,"

8.8
",90        ,"772,610",$6.10M
951,The Lord of the Rings: The Two Towers,(2002),179 min,"

8.8
",87        ,"1,692,575",$342.55M
952,Jai Bhim,(2021),164 min,"

8.8
",****,"205,541",%^%^%
953,Kill Bill: The Whole Bloody Affair,(2006),247 min,"

8.8
",****,"13,657",%^%^%
954,777 Charlie,(2022),136 min,"

8.8
",****,"34,184",%^%^%
955,Kimetsu no Yaiba: Natagumo Yama Hen,(2020),138 min,"

8.8
",****,"12,947",%^%^%
956,Rocketry: The Nambi Effect,(2022),157 min,"

8.8
",****,"52,613",%^%^%
957,Ko to tamo peva,(1980),86 min,"

8.8
",****,"15,900",%^%^%
958,Balkanski spijun,(1984),95 min,"

8.8
",****,"11,873",%^%^%
959,#Home,(2021),158 min,"

8.8
",****,"13,915",%^%^%
960,Manichitrathazhu,(1993),169 min,"

8.8
",****,"11,302",%^%^%
961,Süt Kardesler,(1976),80 min,"

8.8
",****,"20,500",%^%^%
962,Hababam Sinifi Uyaniyor,(1977),94 min,"

8.8
",****,"20,158",%^%^%
963,The Matrix,(1999),136 min,"

8.7
",73        ,"1,944,100",$171.48M
964,GoodFellas,(1990),145 min,"

8.7
",91        ,"1,182,514",$46.84M
965,One Flew Over the Cuckoo's Nest,(1975),133 min,"

8.7
",84        ,"1,022,407",$112.00M
966,The Empire Strikes Back,(1980),124 min,"

8.7
",82        ,"1,311,930",$290.48M
967,The Kashmir Files,(2022),170 min,"

8.7
",****,"563,810",%^%^%
968,Soorarai Pottru,(2020),153 min,"

8.7
",****,"118,954",%^%^%
969,Toma,(2021),140 min,"

8.7
",****,"11,426",%^%^%
970,Pariyerum Perumal,(2018),154 min,"

8.7
",****,"16,663",%^%^%
971,Peranbu,(2018),147 min,"

8.7
",****,"15,285",%^%^%
972,Kibar Feyzo,(1978),83 min,"

8.7
",****,"16,692",%^%^%
973,Zügürt Aga,(1985),101 min,"

8.7
",****,"15,696",%^%^%
974,Saban Oglu Saban,(1977),90 min,"

8.7
",****,"18,098",%^%^%
975,Neseli Günler,(1978),95 min,"

8.7
",****,"11,493",%^%^%
976,Interstellar,(2014),169 min,"

8.6
",74        ,"1,887,121",$188.02M
977,Se7en,(1995),127 min,"

8.6
",65        ,"1,683,828",$100.13M
978,The Silence of the Lambs,(1991),118 min,"

8.6
",86        ,"1,457,143",$130.74M
979,The Green Mile,(1999),189 min,"

8.6
",61        ,"1,324,876",$136.80M
